"res_id","res_lang2","res_name","res_value","res_name_description","res_type_id"
"","en","gcwu_cmblang_href","/langselect/lang.php","Site or keep the default language script","1"
"","en","gcwu_terms_text","Terms and conditions","Terms and conditions and transparency text","1"
"","fr","gcwu_terms_text","Avis","Terms and conditions and transparency text","1"
"","en","gcwu_terms_href","","Modify Terms and conditions and Transparency links","1"
"","en","gcwu_trans_href","","Modify Terms and conditions and Transparency links","1"
"","en","gcwu_trans_text","Transparency","Modify Terms and conditions and Transparency links","1"
"","fr","gcwu_trans_text","Transparence","Modify Terms and conditions and Transparency links","1"
"","en","gcwu_sig_image","sig","sets the name of the signature image and alt text used in the top left of the theme","1"
"","en","gcwu_sig","Government of Canada","sets the name of the signature image and alt text used in the top left of the theme","1"
"","fr","gcwu_sig","Gouvernement du Canada","sets the name of the signature image and alt text used in the top left of the theme","1"
"","en","gcwu_wmms","Symbol of the Government of Canada","alt text used for the "Canada" logo that appears about the search tool","1"
"","fr","gcwu_wmms","Symbole du gouvernement du Canada","alt text used for the "Canada" logo that appears about the search tool","1"
"","en","gcwu_gcnavbar","Government of Canada navigation bar","hidden text used for accessibility","1"
"","fr","gcwu_gcnavbar","Barre de navigation de la gouvernement de Canada","hidden text used for accessibility","1"
"","en","gcwu_gcfooter","Government of Canada footer","hidden text used for accessibility","1"
"","fr","gcwu_gcfooter","Pied de page du gouvernement du Canada","hidden text used for accessibility","1"
"","en","gcwu_gcnb1_href","#","links that appear at the very top of the page for this theme","1"
"","fr","gcwu_gcnb1_href","#","links that appear at the very top of the page for this theme","1"
"","en","gcwu_gcnb1_text","Custom link","links that appear at the very top of the page for this theme","1"
"","fr","gcwu_gcnb1_text","Lien personnalisé","links that appear at the very top of the page for this theme","1"
"","en","gcwu_gcnb2_href","#","links that appear at the very top of the page for this theme","1"
"","fr","gcwu_gcnb2_href","#","links that appear at the very top of the page for this theme","1"
"","en","gcwu_gcnb2_text","Custom link","links that appear at the very top of the page for this theme","1"
"","fr","gcwu_gcnb2_text","Lien personnalisé","links that appear at the very top of the page for this theme","1"
"","en","gcwu_gcnb3_href","#","links that appear at the very top of the page for this theme","1"
"","fr","gcwu_gcnb3_href","#","links that appear at the very top of the page for this theme","1"
"","en","gcwu_gcnb3_text","Custom link","links that appear at the very top of the page for this theme","1"
"","fr","gcwu_gcnb3_text","Lien personnalisé","links that appear at the very top of the page for this theme","1"
"","en","gcwu_cmblang_text","English","button and language swap text","1"
"","fr","gcwu_cmblang_text","Français","button and language swap text","1"
"","en","gcwu_cmblang_title","English - English version of the Web page","button and language swap text","1"
"","fr","gcwu_cmblang_title","Français - Version française de cette page","button and language swap text","1"
"","en","gcwu_trail1_href","http://healthycanadians.gc.ca/index-eng.php","links that appear at the very bottom of the page for this theme","1"
"","fr","gcwu_trail1_href","http://healthycanadians.gc.ca/index-fra.php","links that appear at the very bottom of the page for this theme","1"
"","en","gcwu_trail1_text","Health","links that appear at the very bottom of the page for this theme","1"
"","fr","gcwu_trail1_text","Santé","links that appear at the very bottom of the page for this theme","1"
"","en","gcwu_trail1_textsub","healthycanadians.gc.ca","links that appear at the very bottom of the page for this theme","1"
"","fr","gcwu_trail1_textsub","canadiensensante.gc.ca","links that appear at the very bottom of the page for this theme","1"
"","en","gcwu_trail_href","http://www.voyage.gc.ca/index-eng.asp","links that appear at the very bottom of the page for this theme","1"
"","fr","gcwu_trail2_href","http://www.voyage.gc.ca/index-fra.asp","links that appear at the very bottom of the page for this theme","1"
"","en","gcwu_trail2_text","Travel","links that appear at the very bottom of the page for this theme","1"
"","fr","gcwu_trail2_text","Voyage","links that appear at the very bottom of the page for this theme","1"
"","en","gcwu_trail2_textsub","travel.gc.ca","links that appear at the very bottom of the page for this theme","1"
"","fr","gcwu_trail2_textsub","voyage.gc.ca","links that appear at the very bottom of the page for this theme","1"
"","en","gcwu_trail3_href","http://www.servicecanada.gc.ca/eng/home.shtml","links that appear at the very bottom of the page for this theme","1"
"","fr","gcwu_trail3_href","http://www.servicecanada.gc.ca/fra/accueil.shtml","links that appear at the very bottom of the page for this theme","1"
"","en","gcwu_trail3_text","Service Canada","links that appear at the very bottom of the page for this theme","1"
"","fr","gcwu_trail3_text","Service Canada","links that appear at the very bottom of the page for this theme","1"
"","en","gcwu_trail3_textsub","servicecanada.gc.ca","links that appear at the very bottom of the page for this theme","1"
"","fr","gcwu_trail3_textsub","servicecanada.gc.ca","links that appear at the very bottom of the page for this theme","1"
"","en","gcwu_trail4_href","http://www.jobbank.gc.ca/intro-eng.aspx","links that appear at the very bottom of the page for this theme","1"
"","fr","gcwu_trail4_href","http://www.guichetemplois.gc.ca/Intro-fra.aspx","links that appear at the very bottom of the page for this theme","1"
"","en","gcwu_trail4_text","Jobs","links that appear at the very bottom of the page for this theme","1"
"","fr","gcwu_trail4_text","Emplois","links that appear at the very bottom of the page for this theme","1"
"","en","gcwu_trail4_textsub","jobbank.gc.ca","links that appear at the very bottom of the page for this theme","1"
"","fr","gcwu_trail4_textsub","guichetemplois.gc.ca","links that appear at the very bottom of the page for this theme","1"
"","en","gcwu_trail5_href","Economy","links that appear at the very bottom of the page for this theme","1"
"","fr","gcwu_trail5_href","http://plandaction.gc.ca/fr","links that appear at the very bottom of the page for this theme","1"
"","en","gcwu_trail5_text","Economy","links that appear at the very bottom of the page for this theme","1"
"","fr","gcwu_trail5_text","Économie","links that appear at the very bottom of the page for this theme","1"
"","en","gcwu_trail5_textsub","actionplan.gc.ca","links that appear at the very bottom of the page for this theme","1"
"","fr","gcwu_trail5_textsub","plandaction.gc.ca","links that appear at the very bottom of the page for this theme","1"
"","en","gcwu_trail_canada_href","http://www.canada.gc.ca/menu-eng.html","links that appear at the very bottom of the page for this theme","1"
"","fr","gcwu_trail_canada_href","http://www.canada.gc.ca/menu-fra.html","links that appear at the very bottom of the page for this theme","1"
"","en","gcwu_trail_canada_text","Canada.gc.ca","links that appear at the very bottom of the page for this theme","1"
"","fr","gcwu_trail_canada_text","Canada.gc.ca","links that appear at the very bottom of the page for this theme","1"
"","en","gcwu_langselect","Language selection links","links that appear at the very bottom of the page for this theme","1"
"","fr","gcwu_langselect","Liens de sélection de langue","links that appear at the very bottom of the page for this theme","1